v16,v1,v2,v3,v4,v5,v6,v7,v8,v9,v10,v11,v12,v13,v14,v15,party
1,-1,1,-1,1,1,1,-1,-1,-1,1,-1,1,1,1,-1,republican
-1,-1,1,-1,1,1,1,-1,-1,-1,-1,-1,1,1,1,-1,republican
-1,-1,1,1,-1,1,1,-1,-1,-1,-1,1,-1,1,1,-1,democrat
1,-1,1,1,-1,-1,1,-1,-1,-1,-1,1,-1,1,-1,-1,democrat
1,1,1,1,-1,1,1,-1,-1,-1,-1,1,-1,1,1,1,democrat
1,-1,1,1,-1,1,1,-1,-1,-1,-1,-1,-1,1,1,1,democrat
1,-1,1,-1,1,1,1,-1,-1,-1,-1,-1,-1,-1,1,1,democrat
1,-1,1,-1,1,1,1,-1,-1,-1,-1,-1,-1,1,1,-1,republican
1,-1,1,-1,1,1,1,-1,-1,-1,-1,-1,1,1,1,-1,republican
-1,1,1,1,-1,-1,-1,1,1,1,-1,-1,-1,-1,-1,-1,democrat
-1,-1,1,-1,1,1,-1,-1,-1,-1,-1,-1,-1,1,1,-1,republican
-1,-1,1,-1,1,1,1,-1,-1,-1,-1,1,-1,1,1,-1,republican
-1,-1,1,1,-1,-1,-1,1,1,1,-1,-1,-1,1,-1,-1,democrat
-1,1,1,1,-1,-1,1,1,1,-1,1,1,-1,-1,-1,1,democrat
-1,-1,1,-1,1,1,1,-1,-1,-1,-1,-1,1,-1,-1,-1,republican
-1,-1,1,-1,1,1,1,-1,-1,-1,1,-1,1,1,-1,-1,republican
1,1,-1,1,-1,-1,1,-1,1,-1,1,1,1,-1,-1,-1,democrat
1,1,-1,1,-1,-1,-1,1,1,1,-1,-1,-1,1,-1,1,democrat
-1,-1,1,-1,1,1,1,-1,-1,-1,-1,-1,-1,1,1,-1,republican
1,1,1,1,-1,-1,-1,1,1,1,-1,1,-1,-1,-1,1,democrat
1,1,1,1,-1,-1,-1,1,1,-1,-1,1,-1,-1,-1,1,democrat
1,1,1,1,-1,-1,-1,1,1,1,-1,-1,-1,-1,-1,1,democrat
1,1,-1,1,-1,-1,-1,1,1,1,-1,-1,-1,-1,-1,1,democrat
1,1,1,1,-1,-1,-1,1,1,1,-1,-1,-1,-1,-1,1,democrat
-1,1,-1,1,-1,-1,-1,1,1,1,-1,-1,-1,-1,-1,1,democrat
1,1,-1,1,-1,-1,-1,1,1,1,1,-1,-1,-1,-1,1,democrat
1,1,-1,1,-1,-1,-1,1,1,1,-1,1,-1,-1,-1,1,democrat
1,1,1,1,-1,-1,-1,1,1,1,-1,1,-1,-1,-1,1,democrat
1,1,-1,-1,1,1,-1,1,1,1,-1,-1,1,1,1,-1,republican
1,1,1,1,-1,-1,-1,1,1,1,-1,1,-1,-1,-1,1,democrat
-1,-1,1,-1,1,1,1,-1,-1,-1,-1,-1,1,1,1,-1,republican
-1,1,1,1,-1,-1,-1,1,1,1,-1,1,-1,-1,-1,1,democrat
1,1,1,1,-1,-1,-1,1,1,1,1,-1,-1,1,-1,1,democrat
1,-1,1,-1,1,1,1,-1,-1,-1,-1,-1,1,1,1,-1,republican
1,1,1,1,-1,-1,-1,1,1,1,-1,-1,-1,-1,-1,1,democrat
-1,-1,1,-1,1,1,1,-1,-1,-1,-1,-1,1,1,1,-1,republican
1,1,-1,-1,1,1,1,-1,-1,-1,1,-1,1,-1,1,-1,republican
1,1,1,-1,1,1,1,-1,-1,-1,-1,-1,-1,1,1,-1,republican
-1,-1,1,-1,1,1,1,-1,-1,-1,1,-1,1,1,1,-1,republican
1,1,-1,1,-1,-1,-1,1,1,1,1,1,-1,1,-1,1,democrat
-1,1,1,1,-1,-1,-1,1,1,1,-1,-1,-1,-1,-1,-1,democrat
-1,1,1,1,-1,-1,-1,1,1,1,-1,-1,-1,-1,-1,1,democrat
1,1,-1,1,-1,-1,-1,1,1,1,-1,-1,-1,-1,-1,-1,democrat
1,1,-1,1,-1,-1,-1,1,1,1,-1,-1,-1,-1,-1,1,democrat
-1,1,1,1,-1,-1,-1,1,1,1,-1,1,-1,-1,-1,-1,democrat
-1,1,1,1,-1,-1,-1,1,1,-1,-1,1,-1,-1,-1,1,democrat
1,1,1,1,-1,-1,-1,1,1,1,-1,-1,-1,-1,-1,-1,democrat
-1,1,-1,1,-1,-1,-1,1,1,-1,-1,-1,-1,-1,-1,-1,democrat
1,1,1,1,-1,-1,-1,1,1,-1,-1,-1,-1,-1,1,-1,democrat
-1,-1,-1,-1,1,1,1,-1,-1,-1,-1,-1,1,1,1,-1,republican
1,1,1,1,-1,-1,-1,1,1,1,-1,1,-1,-1,-1,1,democrat
1,-1,1,-1,1,1,1,-1,-1,-1,-1,-1,1,1,1,-1,republican
-1,1,1,1,-1,-1,-1,1,1,1,-1,-1,-1,-1,-1,-1,democrat
-1,1,1,-1,1,1,1,-1,-1,-1,1,-1,1,1,1,-1,republican
-1,1,1,1,-1,-1,1,-1,1,-1,-1,1,1,-1,1,-1,democrat
-1,-1,1,-1,1,1,1,-1,-1,-1,1,1,1,1,1,-1,republican
1,-1,1,-1,1,1,1,-1,-1,-1,1,1,1,1,1,-1,republican
1,-1,1,-1,1,1,1,-1,-1,-1,1,-1,1,1,1,-1,republican
1,-1,1,-1,1,1,1,-1,-1,-1,1,-1,1,1,1,-1,republican
-1,-1,1,-1,1,1,1,-1,-1,-1,1,-1,1,1,1,-1,republican
-1,1,1,1,-1,-1,-1,1,1,1,1,-1,-1,-1,-1,1,democrat
-1,-1,1,-1,1,1,1,-1,-1,-1,-1,-1,1,1,1,-1,republican
-1,1,1,1,-1,-1,-1,1,1,1,-1,-1,-1,-1,-1,-1,democrat
1,1,1,1,-1,-1,-1,1,1,1,-1,1,-1,-1,-1,-1,democrat
1,1,1,1,-1,-1,-1,1,1,1,-1,1,-1,-1,-1,-1,democrat
1,1,1,-1,1,1,1,1,-1,-1,-1,-1,1,1,1,-1,republican
1,-1,1,-1,1,1,1,1,-1,-1,-1,1,1,1,1,-1,republican
-1,-1,1,-1,1,1,1,-1,-1,-1,1,-1,1,1,1,-1,republican
1,1,-1,1,-1,-1,-1,1,1,1,-1,-1,-1,1,-1,1,democrat
1,1,1,1,-1,-1,-1,1,1,1,-1,-1,-1,-1,-1,1,democrat
-1,1,-1,1,-1,-1,-1,1,1,1,-1,-1,-1,1,-1,1,democrat
1,1,1,1,1,-1,-1,1,1,1,1,1,-1,-1,1,-1,republican
-1,1,1,1,-1,-1,-1,1,1,1,-1,1,-1,-1,-1,1,democrat
1,1,-1,1,1,1,-1,1,-1,1,1,-1,-1,1,1,-1,republican
1,1,-1,1,-1,-1,1,1,1,1,1,1,-1,-1,1,1,democrat
-1,-1,1,1,1,1,1,-1,-1,-1,1,1,-1,1,1,-1,democrat
-1,-1,1,1,-1,1,1,-1,-1,-1,1,1,1,1,1,-1,democrat
1,-1,1,1,1,1,1,-1,1,1,1,1,1,1,1,-1,democrat
1,1,1,1,-1,1,1,-1,-1,-1,1,1,-1,1,1,-1,democrat
-1,-1,-1,-1,1,1,-1,-1,-1,-1,1,-1,1,1,1,-1,republican
-1,1,-1,1,-1,-1,1,1,1,1,1,-1,1,-1,1,-1,democrat
1,1,-1,1,-1,-1,-1,1,1,-1,1,1,1,-1,1,-1,democrat
1,-1,-1,-1,1,1,1,-1,-1,-1,1,-1,1,1,1,-1,republican
-1,-1,-1,-1,1,1,1,-1,-1,-1,-1,-1,1,1,1,-1,republican
-1,-1,-1,-1,1,1,1,-1,-1,-1,1,-1,1,1,1,-1,republican
1,-1,-1,1,-1,1,1,-1,-1,-1,1,1,1,1,1,-1,democrat
-1,-1,-1,-1,1,1,1,-1,-1,-1,1,-1,1,1,1,-1,republican
-1,-1,-1,-1,1,1,1,-1,-1,-1,-1,-1,1,1,1,-1,republican
1,-1,1,1,-1,1,1,1,-1,1,1,1,-1,1,1,-1,democrat
-1,-1,-1,-1,1,1,1,-1,-1,-1,1,-1,-1,1,1,-1,republican
1,1,-1,1,-1,-1,-1,1,1,1,1,-1,-1,-1,-1,1,democrat
1,1,-1,1,-1,-1,-1,1,1,1,1,1,-1,-1,-1,1,democrat
1,1,1,1,-1,-1,-1,1,1,-1,1,1,-1,-1,-1,1,democrat
1,1,-1,1,-1,-1,-1,1,-1,1,1,1,-1,-1,-1,1,democrat
1,1,-1,1,-1,1,1,-1,-1,-1,-1,-1,-1,-1,-1,-1,democrat
1,1,-1,1,-1,1,1,-1,-1,-1,-1,1,-1,-1,-1,1,democrat
1,-1,-1,-1,-1,1,1,-1,-1,-1,-1,1,1,1,1,-1,democrat
1,1,-1,-1,-1,1,1,1,-1,-1,1,1,-1,-1,1,-1,democrat
1,1,1,1,-1,-1,1,1,1,1,1,-1,-1,-1,-1,-1,democrat
-1,-1,-1,-1,1,1,1,-1,-1,-1,1,-1,1,1,1,-1,republican
1,1,-1,-1,-1,1,1,-1,-1,-1,-1,1,1,-1,1,-1,democrat
1,1,-1,1,-1,1,1,1,-1,-1,-1,1,-1,-1,1,-1,democrat
-1,1,-1,1,-1,1,1,1,-1,-1,-1,1,-1,1,1,1,democrat
-1,1,-1,-1,-1,1,1,-1,-1,-1,-1,-1,-1,-1,1,-1,democrat
-1,-1,-1,-1,-1,-1,1,1,1,1,1,-1,-1,1,1,-1,democrat
1,1,1,1,-1,-1,-1,-1,1,1,-1,1,-1,-1,-1,1,democrat
1,-1,1,-1,1,1,1,-1,-1,-1,-1,-1,1,1,1,-1,republican
-1,-1,-1,-1,-1,-1,-1,-1,-1,-1,-1,-1,-1,-1,1,-1,republican
-1,1,-1,1,-1,-1,-1,1,1,1,-1,-1,-1,-1,-1,1,democrat
-1,1,-1,1,-1,-1,-1,1,1,1,-1,-1,-1,-1,-1,1,democrat
1,-1,-1,1,-1,-1,-1,1,1,1,1,-1,-1,-1,-1,1,democrat
1,-1,-1,-1,1,1,1,-1,-1,-1,1,-1,1,1,1,-1,republican
-1,-1,-1,1,-1,-1,1,1,1,-1,1,-1,-1,-1,-1,1,democrat
-1,-1,-1,-1,1,1,1,-1,-1,-1,1,-1,1,1,1,-1,republican
-1,1,-1,1,-1,-1,-1,1,1,1,-1,-1,-1,-1,-1,1,democrat
1,-1,-1,1,-1,-1,-1,1,1,1,1,-1,-1,-1,-1,1,democrat
1,1,-1,1,-1,-1,-1,1,1,1,-1,1,-1,-1,-1,1,democrat
1,1,1,1,1,1,-1,1,-1,-1,-1,-1,1,1,1,-1,republican
1,-1,1,1,-1,-1,-1,-1,1,1,1,1,-1,-1,-1,1,democrat
-1,-1,-1,-1,1,1,1,-1,-1,-1,-1,-1,1,1,1,-1,republican
1,-1,-1,-1,1,1,1,-1,-1,-1,1,-1,1,1,1,-1,republican
1,-1,-1,-1,1,1,1,-1,-1,-1,1,-1,1,1,1,-1,republican
1,-1,-1,-1,1,1,1,-1,-1,-1,1,-1,1,-1,1,-1,republican
1,1,-1,-1,1,1,1,-1,1,-1,-1,-1,1,1,1,-1,republican
1,-1,-1,1,-1,-1,-1,1,1,1,-1,-1,-1,-1,-1,1,democrat
1,-1,-1,-1,1,1,1,-1,-1,-1,1,-1,1,1,1,-1,republican
-1,-1,-1,-1,1,1,1,-1,-1,-1,-1,-1,1,1,1,-1,republican
1,-1,-1,1,-1,-1,-1,1,1,1,1,1,-1,-1,1,1,democrat
1,-1,-1,1,-1,-1,1,-1,1,-1,1,1,-1,-1,-1,1,democrat
-1,-1,-1,1,-1,-1,-1,1,1,-1,-1,-1,-1,-1,-1,-1,democrat
-1,1,-1,1,-1,-1,-1,1,1,1,-1,-1,-1,-1,-1,1,democrat
1,-1,-1,1,-1,-1,1,-1,1,1,1,-1,-1,-1,1,-1,democrat
-1,-1,-1,-1,1,1,1,-1,-1,-1,1,-1,1,1,1,-1,republican
1,-1,-1,-1,1,1,1,-1,-1,-1,1,-1,1,1,1,-1,republican
-1,-1,-1,-1,1,1,1,-1,-1,-1,-1,-1,1,1,1,-1,republican
-1,-1,-1,-1,1,1,1,-1,-1,-1,1,-1,1,1,1,-1,republican
1,-1,1,-1,1,1,1,-1,-1,-1,1,1,1,1,-1,-1,republican
1,-1,-1,1,-1,-1,1,1,1,1,1,-1,-1,-1,1,1,democrat
1,-1,-1,1,-1,-1,1,1,1,1,1,-1,-1,-1,1,-1,democrat
1,1,-1,1,-1,-1,1,1,1,1,-1,-1,-1,-1,-1,1,democrat
1,-1,-1,-1,1,-1,-1,1,1,1,1,-1,-1,1,1,-1,republican
1,-1,-1,-1,1,1,1,1,1,1,1,-1,1,1,1,-1,republican
1,-1,-1,-1,1,1,1,1,1,1,1,-1,1,1,1,-1,republican
1,-1,1,-1,-1,-1,-1,1,1,1,1,1,-1,-1,1,1,democrat
-1,-1,-1,-1,-1,-1,1,1,1,1,1,-1,-1,-1,1,-1,democrat
1,-1,-1,1,-1,-1,1,1,1,1,1,-1,-1,-1,1,-1,democrat
1,-1,1,-1,1,1,1,-1,-1,-1,-1,-1,1,1,1,-1,republican
1,-1,-1,-1,-1,-1,-1,1,1,1,1,-1,1,1,1,1,democrat
1,-1,1,-1,1,1,1,-1,-1,-1,1,1,1,1,1,-1,republican
1,-1,-1,1,-1,-1,-1,1,1,1,1,-1,-1,1,-1,1,democrat
1,1,1,-1,1,1,1,-1,-1,-1,1,-1,1,1,1,-1,republican
-1,1,1,-1,1,1,1,-1,-1,1,-1,1,-1,1,1,-1,democrat
1,-1,1,1,-1,-1,1,-1,1,1,1,1,-1,1,-1,1,democrat
1,-1,-1,1,-1,-1,1,1,1,1,1,1,-1,1,1,-1,democrat
-1,-1,1,-1,1,1,1,-1,-1,-1,-1,-1,1,1,1,-1,republican
-1,1,1,-1,1,1,1,-1,-1,-1,-1,1,1,1,1,-1,republican
-1,1,1,-1,1,1,1,1,-1,-1,-1,-1,1,1,1,-1,republican
-1,-1,1,1,-1,-1,1,-1,1,1,-1,1,-1,-1,-1,-1,democrat
-1,-1,1,-1,1,1,1,-1,-1,-1,1,-1,1,1,1,-1,republican
-1,-1,1,1,-1,-1,1,1,1,1,1,1,-1,-1,-1,-1,democrat
1,-1,1,-1,-1,1,1,-1,-1,-1,-1,-1,1,1,1,1,democrat
1,-1,-1,-1,-1,1,1,1,-1,-1,-1,-1,1,1,1,-1,democrat
1,-1,1,1,-1,1,1,1,-1,-1,-1,1,1,1,1,-1,democrat
1,-1,1,-1,1,1,1,1,-1,-1,-1,-1,1,1,1,-1,republican
-1,1,1,-1,-1,1,1,-1,-1,-1,1,1,1,1,1,-1,democrat
-1,-1,1,1,-1,-1,1,1,1,1,1,1,-1,1,-1,1,democrat
1,1,-1,1,1,1,1,1,1,-1,1,-1,1,-1,1,1,republican
1,1,-1,1,1,1,1,1,1,-1,1,1,1,-1,1,1,republican
-1,-1,-1,1,1,1,1,-1,-1,1,-1,-1,-1,1,1,1,democrat
1,1,-1,1,-1,-1,-1,1,1,1,1,1,-1,-1,1,-1,democrat
-1,1,-1,1,-1,-1,-1,-1,1,1,-1,-1,-1,-1,-1,1,democrat
1,-1,-1,-1,1,1,1,-1,-1,-1,1,-1,1,1,1,-1,republican
1,-1,1,1,-1,-1,-1,1,1,1,1,-1,-1,-1,-1,1,democrat
1,-1,-1,-1,-1,1,1,-1,-1,-1,1,1,1,1,1,-1,democrat
-1,1,-1,1,-1,-1,-1,1,1,1,-1,-1,-1,-1,-1,1,democrat
1,-1,1,1,-1,-1,-1,1,1,1,1,-1,-1,-1,-1,1,democrat
1,-1,-1,1,1,-1,-1,1,1,1,1,-1,-1,-1,1,1,republican
1,-1,-1,1,-1,-1,-1,1,1,1,1,1,-1,-1,-1,1,democrat
-1,-1,-1,1,-1,-1,-1,1,1,1,1,1,-1,-1,-1,1,democrat
1,1,-1,1,-1,-1,-1,1,1,1,1,-1,-1,-1,-1,1,democrat
-1,-1,-1,1,-1,-1,-1,1,1,1,-1,-1,-1,-1,-1,-1,democrat
1,-1,-1,1,-1,-1,-1,1,1,1,1,1,-1,-1,-1,1,democrat
1,1,-1,1,-1,-1,-1,1,1,1,-1,-1,-1,-1,-1,1,democrat
-1,-1,-1,-1,-1,-1,-1,-1,-1,1,-1,-1,-1,-1,-1,-1,democrat
1,-1,-1,1,-1,-1,-1,1,1,1,1,1,-1,-1,-1,1,democrat
1,1,-1,1,-1,-1,-1,1,1,1,1,-1,-1,-1,-1,1,democrat
1,-1,1,1,-1,-1,-1,1,1,1,1,1,-1,-1,-1,1,democrat
-1,1,-1,1,-1,-1,-1,1,1,1,-1,-1,-1,-1,-1,1,democrat
-1,1,-1,-1,1,1,1,1,1,-1,-1,-1,1,-1,1,-1,republican
1,1,-1,1,-1,-1,-1,1,1,1,-1,-1,-1,-1,-1,1,democrat
-1,-1,-1,-1,1,1,1,-1,-1,-1,-1,-1,1,1,1,-1,republican
-1,-1,1,-1,1,1,1,-1,-1,-1,1,-1,1,1,1,-1,republican
1,-1,-1,-1,-1,-1,1,1,1,1,-1,1,-1,-1,1,1,democrat
1,-1,-1,1,-1,-1,-1,1,1,1,-1,-1,-1,-1,-1,1,democrat
1,-1,-1,1,-1,-1,1,1,-1,1,1,1,-1,-1,-1,1,democrat
-1,-1,-1,-1,1,1,1,-1,-1,-1,-1,-1,1,1,1,-1,republican
-1,-1,-1,1,-1,-1,1,1,1,1,-1,1,1,-1,1,1,democrat
1,-1,-1,1,1,1,1,-1,-1,-1,1,-1,-1,-1,1,-1,republican
-1,-1,-1,1,-1,-1,-1,1,1,1,1,1,-1,-1,-1,1,democrat
-1,1,1,-1,-1,-1,-1,1,1,-1,-1,1,-1,-1,-1,1,democrat
1,-1,-1,1,-1,-1,-1,1,1,1,-1,-1,-1,-1,1,1,democrat
1,1,1,1,-1,-1,-1,1,1,1,-1,-1,-1,-1,-1,1,democrat
1,1,-1,1,-1,-1,1,1,1,1,1,1,-1,-1,-1,1,democrat
1,1,-1,1,-1,-1,-1,1,1,1,1,-1,-1,-1,-1,1,democrat
1,-1,-1,1,1,1,1,1,-1,-1,-1,-1,1,1,1,-1,republican
1,-1,-1,1,-1,-1,1,1,1,1,1,-1,1,-1,-1,-1,democrat
1,-1,-1,-1,1,1,1,-1,-1,-1,1,-1,1,-1,1,-1,republican
1,1,-1,-1,1,1,1,1,-1,-1,1,-1,1,1,1,-1,republican
1,-1,-1,1,-1,-1,-1,1,1,1,-1,-1,-1,-1,-1,1,democrat
1,1,1,1,-1,-1,-1,1,1,1,1,1,-1,-1,-1,-1,democrat
1,-1,-1,1,-1,-1,1,1,1,1,-1,-1,-1,-1,-1,1,democrat
1,-1,1,-1,1,1,1,-1,-1,-1,1,-1,1,1,1,-1,republican
1,-1,-1,1,-1,-1,-1,1,1,1,-1,1,-1,-1,-1,1,democrat
1,-1,1,1,-1,-1,1,-1,1,1,-1,1,-1,1,-1,1,democrat
1,1,1,-1,1,1,1,-1,-1,-1,1,-1,1,1,1,-1,republican
-1,-1,1,1,1,1,1,-1,-1,-1,1,1,1,1,1,1,democrat
-1,1,1,1,-1,1,1,-1,-1,-1,1,-1,-1,-1,1,1,democrat
-1,-1,1,-1,1,1,1,-1,-1,-1,1,-1,1,1,1,-1,republican
-1,1,-1,1,-1,-1,-1,1,1,1,-1,-1,-1,-1,-1,1,democrat
1,-1,1,1,-1,-1,-1,-1,1,1,-1,1,-1,-1,1,1,democrat
-1,-1,-1,1,-1,-1,-1,1,1,1,-1,-1,-1,-1,-1,1,democrat
-1,-1,1,1,-1,1,1,-1,-1,-1,-1,1,-1,-1,-1,1,democrat
-1,1,-1,1,-1,-1,-1,1,1,1,-1,1,-1,-1,-1,1,democrat
1,-1,-1,-1,1,1,-1,-1,-1,-1,-1,-1,1,1,1,-1,republican
-1,-1,1,-1,1,1,1,-1,-1,-1,1,-1,-1,1,1,-1,republican
1,-1,-1,-1,1,1,1,-1,-1,-1,-1,-1,1,1,1,-1,republican
1,-1,-1,1,-1,-1,1,1,1,1,-1,1,-1,-1,1,1,democrat
1,1,-1,1,-1,-1,-1,1,1,1,-1,-1,-1,-1,-1,-1,democrat
1,-1,1,-1,1,1,1,-1,-1,-1,-1,-1,1,1,-1,-1,republican
1,-1,1,1,1,1,1,1,-1,1,1,-1,1,1,1,-1,republican
1,-1,1,-1,1,1,1,-1,-1,-1,-1,-1,1,1,1,-1,republican
1,-1,1,-1,1,1,1,-1,-1,1,1,-1,1,1,1,-1,republican
-1,-1,1,1,-1,-1,-1,1,1,-1,-1,1,-1,-1,-1,1,democrat
1,-1,1,-1,1,1,1,-1,-1,-1,1,-1,1,1,1,-1,republican
-1,-1,-1,1,-1,-1,1,1,1,1,1,-1,1,-1,1,1,democrat
1,-1,-1,-1,1,1,1,-1,-1,-1,1,-1,1,-1,1,-1,republican
1,-1,-1,1,-1,-1,-1,1,1,1,-1,-1,-1,-1,-1,1,democrat
1,1,-1,1,-1,-1,1,1,1,-1,-1,-1,1,1,-1,-1,democrat
-1,1,1,1,-1,-1,-1,1,1,-1,1,-1,-1,-1,-1,1,democrat
1,-1,-1,-1,1,1,1,1,-1,-1,1,-1,-1,-1,1,1,republican
1,-1,-1,-1,1,-1,1,1,-1,1,-1,-1,1,1,1,-1,republican
1,1,-1,1,-1,-1,-1,1,1,1,1,1,-1,-1,1,1,democrat
1,-1,-1,-1,-1,1,1,1,-1,-1,-1,-1,-1,-1,1,1,republican
1,-1,1,1,-1,-1,-1,1,1,-1,1,-1,-1,1,-1,1,democrat
1,1,-1,1,-1,-1,-1,-1,1,1,1,-1,-1,-1,-1,1,democrat
1,1,-1,1,-1,-1,-1,1,1,1,1,1,-1,-1,-1,1,democrat
1,-1,-1,1,-1,1,-1,1,1,1,-1,-1,-1,-1,1,-1,democrat
-1,-1,1,-1,1,1,1,-1,-1,-1,-1,-1,-1,1,1,-1,republican
-1,-1,-1,-1,-1,-1,-1,-1,-1,-1,-1,-1,-1,-1,-1,-1,republican
1,1,-1,1,-1,-1,-1,1,1,-1,-1,1,-1,-1,-1,1,democrat
-1,-1,1,-1,1,1,1,-1,-1,-1,-1,-1,1,1,1,-1,republican
-1,-1,1,-1,1,1,1,-1,-1,-1,-1,-1,1,1,1,-1,republican
1,1,1,1,-1,-1,1,1,1,1,-1,-1,-1,-1,-1,1,democrat
1,-1,1,-1,1,1,1,-1,-1,-1,-1,-1,1,1,1,-1,republican
1,1,-1,1,-1,-1,-1,1,1,1,1,-1,-1,-1,-1,-1,democrat
1,1,-1,1,-1,-1,-1,1,1,1,1,-1,-1,-1,1,1,democrat
-1,-1,-1,-1,1,1,-1,-1,-1,-1,-1,-1,1,-1,1,-1,republican
1,-1,-1,-1,1,1,-1,-1,-1,-1,-1,-1,1,-1,1,-1,republican
1,-1,-1,1,-1,-1,-1,1,1,1,-1,1,-1,-1,-1,1,democrat
1,1,-1,1,-1,-1,-1,1,1,1,-1,-1,-1,-1,-1,-1,democrat
1,1,-1,1,-1,-1,-1,1,1,1,1,-1,-1,-1,-1,-1,democrat
-1,1,-1,1,-1,-1,-1,1,1,1,-1,-1,-1,-1,-1,-1,democrat
1,1,-1,1,-1,-1,-1,1,1,1,1,-1,-1,-1,-1,1,democrat
-1,1,-1,1,-1,-1,-1,1,1,1,-1,-1,-1,-1,-1,1,democrat
-1,1,-1,1,-1,-1,-1,1,1,1,-1,-1,-1,-1,-1,1,democrat
1,1,-1,1,-1,-1,-1,1,1,1,1,-1,-1,-1,-1,-1,democrat
1,-1,-1,-1,1,1,1,-1,-1,-1,1,-1,1,-1,1,-1,republican
1,1,-1,-1,-1,-1,-1,1,1,1,1,-1,-1,-1,1,-1,republican
-1,1,-1,1,-1,-1,-1,1,1,1,-1,-1,-1,-1,-1,1,democrat
1,1,-1,1,-1,-1,-1,1,1,1,-1,-1,-1,-1,-1,-1,democrat
1,1,1,1,-1,-1,-1,1,1,1,-1,-1,-1,-1,-1,1,democrat
1,-1,1,1,-1,-1,1,1,1,1,-1,-1,-1,-1,-1,-1,democrat
-1,1,-1,1,-1,-1,-1,1,1,1,1,-1,-1,-1,-1,1,democrat
1,-1,-1,-1,1,1,-1,1,1,-1,1,-1,1,1,1,-1,republican
1,1,-1,-1,1,1,-1,1,-1,-1,1,-1,-1,-1,1,1,republican
-1,-1,-1,1,-1,1,1,-1,-1,-1,-1,-1,-1,1,1,-1,democrat
-1,-1,-1,-1,1,1,1,-1,-1,-1,-1,-1,1,1,1,1,republican
1,-1,-1,1,1,1,1,1,1,-1,1,-1,-1,-1,1,-1,republican
1,-1,-1,-1,1,1,1,-1,-1,-1,-1,-1,1,1,1,-1,republican
-1,-1,-1,-1,1,1,1,-1,-1,-1,1,-1,1,1,1,-1,republican
1,-1,-1,1,-1,-1,-1,1,1,1,1,-1,-1,-1,1,-1,democrat
-1,1,-1,1,1,1,1,1,1,-1,-1,-1,-1,-1,1,-1,republican
-1,1,-1,-1,1,1,1,-1,-1,-1,1,-1,-1,1,1,-1,republican
1,-1,-1,-1,1,1,1,-1,-1,-1,-1,-1,1,1,1,-1,republican
1,-1,-1,1,-1,-1,1,1,1,1,1,1,-1,-1,-1,-1,democrat
1,-1,-1,1,-1,-1,1,1,1,1,1,1,-1,-1,-1,1,democrat
-1,-1,-1,1,-1,-1,1,-1,1,-1,1,1,1,-1,1,1,democrat
1,1,1,1,-1,-1,1,1,1,1,-1,1,-1,1,-1,-1,democrat
1,1,1,1,-1,1,1,-1,1,-1,1,1,-1,1,1,1,democrat
-1,1,1,1,-1,1,1,-1,1,-1,1,1,-1,1,1,-1,democrat
1,1,-1,1,-1,-1,1,-1,1,1,1,-1,-1,1,1,-1,democrat
1,1,-1,1,-1,-1,1,1,1,1,1,-1,-1,-1,1,-1,democrat
1,1,-1,1,-1,-1,1,1,1,-1,1,1,-1,1,1,1,democrat
1,1,1,1,-1,-1,1,1,1,1,1,1,-1,1,1,1,democrat
-1,-1,1,1,-1,-1,1,1,1,-1,1,1,-1,1,1,-1,democrat
-1,-1,1,-1,1,1,1,-1,-1,-1,1,-1,1,-1,-1,-1,republican
1,-1,-1,1,1,1,1,-1,-1,-1,1,-1,1,1,1,1,republican
-1,1,1,1,-1,-1,1,1,1,1,1,-1,-1,-1,-1,1,democrat
1,-1,1,-1,-1,-1,-1,1,1,1,1,1,-1,-1,-1,1,democrat
1,-1,1,1,-1,-1,1,1,1,1,1,-1,-1,1,1,1,democrat
1,-1,-1,-1,1,1,-1,1,1,1,1,-1,1,1,1,-1,republican
1,-1,-1,-1,-1,-1,1,1,1,1,-1,-1,-1,-1,-1,1,democrat
1,-1,-1,-1,1,1,1,1,-1,-1,1,-1,1,1,1,-1,republican
-1,-1,-1,-1,1,1,1,-1,-1,-1,-1,-1,1,1,1,-1,republican
-1,-1,1,-1,1,1,1,-1,-1,-1,1,-1,1,1,1,-1,republican
-1,-1,-1,-1,1,1,1,-1,-1,-1,1,-1,1,1,1,-1,republican
-1,-1,-1,-1,1,1,1,-1,-1,-1,-1,-1,1,1,1,-1,republican
-1,1,-1,1,-1,-1,1,1,1,1,-1,-1,-1,-1,1,-1,democrat
-1,-1,-1,-1,1,1,1,-1,-1,-1,1,-1,1,1,1,-1,republican
1,1,-1,-1,-1,-1,1,1,1,1,1,-1,-1,-1,1,1,democrat
-1,-1,-1,-1,1,1,1,-1,-1,-1,1,-1,1,1,1,1,republican
1,-1,-1,1,-1,-1,1,1,1,1,1,-1,-1,1,-1,-1,democrat
1,1,1,1,-1,-1,-1,1,1,1,1,-1,-1,-1,-1,1,democrat
1,-1,1,1,1,1,1,-1,-1,-1,1,-1,1,1,1,-1,republican
1,-1,1,-1,1,1,1,1,1,-1,-1,1,1,1,1,1,republican
-1,-1,1,1,1,1,1,1,-1,-1,-1,-1,-1,-1,-1,1,republican
-1,-1,-1,-1,-1,-1,1,-1,1,1,-1,1,1,1,1,1,democrat
1,1,-1,-1,-1,-1,-1,1,1,1,1,-1,-1,-1,-1,1,democrat
-1,-1,-1,1,-1,-1,-1,1,1,1,-1,-1,-1,-1,-1,1,democrat
-1,1,-1,1,-1,-1,-1,1,1,1,-1,-1,-1,-1,-1,1,democrat
1,-1,1,1,-1,-1,1,-1,1,1,1,-1,-1,1,1,-1,democrat
1,1,1,1,-1,-1,-1,1,1,1,1,-1,-1,1,-1,-1,democrat
-1,1,1,1,-1,-1,1,-1,-1,-1,-1,1,-1,1,1,-1,democrat
-1,1,1,1,-1,1,1,-1,1,-1,1,-1,-1,1,1,-1,democrat
-1,-1,1,-1,1,1,1,-1,-1,-1,-1,1,1,1,1,-1,republican
1,-1,1,-1,-1,1,1,-1,-1,-1,-1,-1,1,1,1,-1,democrat
1,1,1,-1,1,-1,-1,1,1,1,-1,1,-1,-1,1,-1,democrat
1,-1,1,-1,1,1,1,-1,-1,-1,-1,-1,1,1,1,-1,republican
1,1,1,1,-1,-1,-1,1,1,1,-1,1,-1,-1,-1,-1,democrat
-1,1,-1,1,-1,-1,1,1,1,1,1,-1,-1,-1,-1,1,democrat
-1,-1,1,-1,1,1,1,-1,-1,-1,1,-1,1,1,1,-1,republican
-1,1,-1,1,-1,-1,-1,1,1,1,-1,-1,-1,-1,-1,1,democrat
-1,1,-1,1,-1,-1,-1,1,1,1,-1,1,-1,-1,-1,1,democrat
1,-1,-1,1,-1,-1,-1,1,1,1,-1,-1,-1,-1,-1,1,democrat
1,-1,1,1,-1,-1,1,1,1,-1,-1,1,1,-1,-1,1,democrat
-1,-1,-1,-1,1,1,1,-1,-1,-1,1,1,1,1,1,-1,republican
1,-1,-1,1,-1,-1,1,1,1,-1,-1,1,-1,-1,1,-1,democrat
1,1,-1,1,-1,-1,-1,1,1,1,-1,-1,-1,-1,-1,1,democrat
1,1,-1,1,-1,-1,-1,1,1,1,1,-1,-1,-1,1,1,democrat
-1,1,-1,-1,1,1,1,-1,-1,-1,-1,1,1,1,1,-1,republican
1,-1,-1,-1,1,1,1,-1,-1,-1,1,1,1,-1,1,-1,republican
1,-1,-1,1,-1,-1,1,1,1,1,1,1,-1,-1,-1,1,democrat
1,-1,1,1,-1,1,-1,1,-1,-1,1,1,-1,1,-1,1,democrat
1,-1,-1,-1,1,1,-1,1,-1,1,1,-1,-1,-1,1,-1,republican
1,-1,-1,1,-1,-1,-1,1,1,1,1,1,-1,-1,-1,1,democrat
1,-1,-1,-1,1,1,1,1,-1,-1,1,-1,1,-1,1,1,republican
1,-1,-1,-1,1,1,1,-1,-1,-1,1,-1,1,1,1,-1,republican
-1,1,-1,-1,1,1,1,-1,-1,-1,1,-1,1,1,1,-1,republican
-1,1,-1,1,-1,-1,-1,1,1,1,1,-1,1,-1,-1,1,democrat
1,-1,1,1,1,1,1,1,1,1,-1,-1,1,1,1,-1,republican
1,-1,1,-1,-1,-1,1,1,-1,1,-1,1,-1,-1,-1,1,democrat
1,-1,-1,1,1,1,1,1,1,1,1,-1,1,1,1,1,republican
-1,-1,1,-1,1,-1,1,1,1,1,-1,1,-1,1,-1,1,democrat
1,-1,-1,1,1,1,1,1,-1,-1,1,1,1,1,1,-1,republican
1,-1,1,1,-1,-1,1,1,1,1,1,-1,-1,-1,-1,1,democrat
1,1,-1,1,1,-1,-1,-1,1,1,1,-1,-1,-1,1,1,republican
-1,-1,-1,-1,1,1,1,-1,-1,-1,-1,-1,1,1,1,-1,republican
-1,-1,-1,-1,1,1,1,-1,-1,-1,-1,-1,1,1,1,-1,republican
-1,1,1,1,-1,-1,1,1,1,1,1,1,1,1,1,-1,democrat
1,-1,-1,-1,1,1,1,-1,-1,-1,1,-1,1,1,1,-1,republican
1,1,-1,1,-1,-1,1,1,1,1,1,-1,-1,1,-1,-1,democrat
-1,1,-1,1,-1,1,1,1,-1,1,1,-1,-1,1,1,-1,democrat
1,1,1,1,-1,-1,1,1,1,1,1,1,1,1,-1,-1,democrat
-1,1,1,-1,1,1,1,-1,-1,-1,1,1,-1,1,-1,-1,republican
1,1,1,-1,1,1,1,-1,-1,-1,-1,1,-1,1,1,-1,republican
-1,-1,1,-1,-1,1,1,-1,-1,-1,1,1,-1,1,1,-1,democrat
-1,1,-1,1,-1,-1,-1,1,1,-1,1,1,-1,-1,-1,-1,democrat
-1,1,1,1,-1,1,1,1,1,-1,1,1,-1,-1,-1,1,democrat
1,-1,1,1,-1,-1,1,1,1,-1,1,-1,-1,-1,-1,1,democrat
1,-1,1,-1,1,1,1,-1,-1,-1,-1,-1,-1,1,1,-1,republican
1,1,1,1,-1,-1,1,1,1,-1,1,-1,-1,-1,-1,1,democrat
-1,1,1,1,-1,-1,-1,1,1,1,1,-1,-1,-1,-1,1,democrat
-1,-1,1,1,1,1,1,-1,-1,-1,-1,1,1,-1,1,-1,democrat
1,-1,1,1,-1,1,1,-1,1,-1,1,-1,-1,1,1,-1,democrat
1,-1,1,-1,1,1,1,-1,-1,-1,-1,-1,1,1,1,-1,republican
-1,-1,1,-1,1,1,1,-1,-1,-1,-1,1,1,-1,1,-1,democrat
1,1,-1,1,-1,-1,-1,1,1,1,-1,1,-1,-1,-1,1,democrat
-1,-1,1,-1,1,1,1,-1,-1,-1,-1,-1,-1,1,-1,-1,republican
1,-1,-1,-1,1,1,1,-1,-1,-1,-1,-1,1,1,1,-1,republican
1,-1,-1,-1,1,1,1,-1,-1,-1,-1,-1,1,1,1,-1,republican
1,1,1,1,-1,-1,1,-1,1,1,-1,1,-1,1,-1,1,democrat
-1,1,1,1,-1,1,1,1,1,1,1,1,-1,1,1,-1,democrat
-1,1,1,-1,1,1,1,-1,-1,-1,-1,1,-1,1,1,-1,democrat
1,1,1,1,-1,1,1,-1,1,1,1,1,-1,-1,-1,-1,democrat
1,1,1,1,1,1,1,-1,-1,-1,-1,1,1,1,1,-1,democrat
-1,1,1,-1,-1,1,1,-1,-1,-1,-1,1,1,1,1,1,democrat
-1,-1,-1,1,-1,1,1,-1,1,-1,-1,1,-1,-1,-1,-1,democrat
-1,1,1,1,-1,1,1,-1,1,1,-1,1,-1,-1,1,-1,democrat
-1,-1,1,1,1,1,1,-1,-1,-1,-1,-1,1,1,1,-1,democrat
-1,1,-1,1,-1,-1,-1,1,1,1,-1,1,-1,-1,-1,1,democrat
-1,-1,-1,-1,-1,-1,1,-1,-1,-1,-1,1,1,-1,1,-1,democrat
-1,1,1,-1,-1,-1,-1,-1,1,1,-1,1,-1,-1,-1,1,democrat
1,1,1,-1,1,1,1,-1,-1,-1,-1,1,1,1,1,-1,republican
-1,-1,-1,-1,-1,-1,1,-1,1,1,-1,-1,1,1,-1,-1,republican
1,1,1,-1,-1,-1,1,-1,-1,-1,-1,1,-1,1,-1,-1,democrat
1,1,1,1,-1,-1,-1,-1,1,-1,-1,1,-1,-1,-1,1,democrat
1,1,1,1,-1,1,1,-1,1,-1,-1,1,-1,1,-1,1,democrat
1,1,1,-1,-1,1,-1,-1,-1,-1,-1,1,-1,1,1,-1,democrat
1,-1,1,1,-1,1,1,-1,1,-1,-1,-1,-1,-1,-1,-1,democrat
-1,-1,1,-1,1,-1,1,-1,-1,-1,1,-1,1,1,1,-1,republican
-1,-1,1,-1,1,1,1,-1,-1,-1,-1,-1,-1,-1,1,-1,republican
-1,-1,1,-1,1,1,1,-1,-1,-1,1,1,1,1,1,-1,republican
1,-1,-1,1,1,-1,1,1,1,1,1,-1,1,-1,1,-1,republican
-1,-1,1,-1,1,1,1,-1,-1,-1,1,-1,1,-1,1,-1,republican
1,1,1,-1,1,1,1,-1,-1,-1,1,-1,1,1,1,-1,republican
1,-1,-1,-1,1,1,1,-1,-1,-1,-1,-1,1,1,1,-1,republican
1,1,-1,1,-1,1,1,-1,-1,1,1,-1,-1,1,1,-1,democrat
-1,-1,-1,-1,1,1,1,-1,-1,-1,-1,1,1,1,1,-1,democrat
1,1,-1,1,-1,-1,1,1,1,1,-1,-1,1,-1,1,1,democrat
-1,-1,-1,-1,1,1,1,-1,-1,-1,-1,-1,1,1,1,-1,republican
1,-1,-1,-1,1,1,1,-1,-1,-1,-1,1,1,1,1,-1,republican
1,1,-1,1,-1,-1,1,1,1,1,1,1,-1,-1,-1,-1,democrat
1,-1,-1,-1,1,1,1,-1,-1,-1,1,-1,1,1,1,-1,republican
1,1,1,1,1,1,1,1,1,-1,1,-1,-1,-1,1,-1,republican
1,1,1,1,-1,-1,-1,1,1,1,-1,-1,-1,-1,-1,-1,democrat
1,-1,1,1,-1,-1,1,1,1,-1,1,-1,-1,-1,-1,-1,democrat
1,1,1,-1,1,1,1,-1,-1,-1,1,-1,-1,1,1,-1,republican
1,1,1,1,-1,-1,-1,1,1,1,1,1,-1,1,-1,-1,democrat
1,1,1,1,-1,-1,-1,1,1,-1,1,-1,-1,-1,-1,-1,democrat
1,1,1,1,-1,-1,-1,1,1,1,-1,-1,-1,-1,-1,-1,democrat
1,1,1,1,1,1,1,1,1,-1,1,-1,-1,1,1,-1,republican
1,-1,1,1,-1,1,1,1,1,-1,-1,1,-1,1,-1,1,democrat
1,-1,-1,1,-1,-1,1,1,1,1,-1,1,-1,-1,-1,1,democrat
1,-1,1,1,-1,-1,1,1,1,1,-1,1,-1,-1,1,1,democrat
1,-1,1,1,-1,-1,-1,1,1,1,1,1,-1,-1,1,1,democrat
-1,-1,-1,1,-1,-1,-1,1,1,-1,1,1,-1,-1,-1,1,democrat
1,1,-1,1,-1,-1,-1,1,1,1,1,-1,-1,-1,-1,1,democrat
1,-1,-1,-1,1,1,1,1,1,-1,1,-1,1,1,1,-1,republican
1,-1,-1,-1,-1,-1,-1,1,1,1,1,-1,-1,1,-1,1,democrat
1,1,-1,1,-1,-1,-1,1,1,1,1,-1,1,-1,-1,1,democrat
1,-1,-1,1,1,1,1,-1,-1,1,1,-1,1,1,1,-1,republican
1,-1,-1,1,-1,-1,-1,1,1,1,1,-1,-1,-1,-1,-1,democrat
1,-1,-1,-1,1,1,1,-1,-1,-1,-1,1,1,1,1,-1,republican
1,-1,-1,-1,1,1,1,-1,-1,-1,-1,-1,1,1,1,-1,republican
-1,-1,1,-1,1,1,1,-1,-1,-1,1,-1,1,1,1,-1,republican
